<?xml version="1.0" encoding="UTF-8" ?>
<XMLDB PATH="block/queries/db" VERSION="20130701" COMMENT="XMLDB file for Moodle block/queries"
    xmlns:xsi="http://www.w3.org/2001/XMLSchema-instance"
    xsi:noNamespaceSchemaLocation="../../../lib/xmldb/xmldb.xsd"
>
  <TABLES>
    <TABLE NAME="queries" COMMENT="Default queries for block_queries, please edit me">
      <FIELDS>
        <FIELD NAME="id" TYPE="int" LENGTH="10" NOTNULL="true" NEXT="usertype" SEQUENCE="true"/>
        <FIELD NAME="userid" TYPE="int" LENGTH="10" NOTNULL="true" PREVIOUS="id" NEXT="subject"  SEQUENCE="false"/>
        <FIELD NAME="userrole" TYPE="text" LENGTH="10" NOTNULL="true" PREVIOUS="userid" NEXT="subject"  SEQUENCE="false"/>
        <FIELD NAME="subject" TYPE="text" LENGTH="20000" NOTNULL="true" PREVIOUS="userrole"  NEXT="description" SEQUENCE="false"/>
        <FIELD NAME="description" TYPE="text" LENGTH="50000" NOTNULL="true" PREVIOUS="subject"  NEXT="postedby" SEQUENCE="false"/>
        <FIELD NAME="postedby" TYPE="int" LENGTH="10" NOTNULL="true" PREVIOUS="description"  NEXT="status" SEQUENCE="false"/>
        <FIELD NAME="status" TYPE="int" LENGTH="10" NOTNULL="true" PREVIOUS="postedby"  NEXT="timecreated" SEQUENCE="false"/>
        <FIELD NAME="timecreated" TYPE="int" LENGTH="15" NOTNULL="true" PREVIOUS="status" SEQUENCE="false"/>       
      </FIELDS>
      <KEYS>
        <KEY NAME="primary" TYPE="primary" FIELDS="id"/>
      </KEYS>
    </TABLE>
    <TABLE  NAME="query_response" COMMENT="Stores all the responses of the queries.">
      <FIELDS>
        <FIELD NAME="id" TYPE="int" LENGTH="10" NOTNULL="true" NEXT="queryid" SEQUENCE="true"/>
        <FIELD NAME="queryid" TYPE="int" LENGTH="10" NOTNULL="true" PREVIOUS="id" NEXT="responduser" SEQUENCE="false"/>
        <FIELD NAME="responduser" TYPE="int"   LENGTH="10" NOTNULL="true" PREVIOUS="queryid" NEXT="summary"  SEQUENCE="false"/>
        <FIELD NAME="summary" TYPE="text"   LENGTH="5000" NOTNULL="true" PREVIOUS="responduser" NEXT="comment"  SEQUENCE="false"/>
        <FIELD NAME="comment" TYPE="text" LENGTH="50000" NOTNULL="true" PREVIOUS="summary" NEXT="postedtime"  SEQUENCE="false"/>
        <FIELD NAME="postedtime" TYPE="int" LENGTH="15" NOTNULL="true" PREVIOUS="comment" SEQUENCE="false"/>
      </FIELDS>
      <KEYS>
        <KEY NAME="primary" TYPE="primary" FIELDS="id"/>
      </KEYS>
</TABLE>
  </TABLES>
</XMLDB>